,IPCC_annex,C_group_IM24_sh,Country_code_A3,Name,ipcc_code_2006_for_standard_report,ipcc_code_2006_for_standard_report_name,fossil_bio,Y_1970,Y_1971,Y_1972,Y_1973,Y_1974,Y_1975,Y_1976,Y_1977,Y_1978,Y_1979,Y_1980,Y_1981,Y_1982,Y_1983,Y_1984,Y_1985,Y_1986,Y_1987,Y_1988,Y_1989,Y_1990,Y_1991,Y_1992,Y_1993,Y_1994,Y_1995,Y_1996,Y_1997,Y_1998,Y_1999,Y_2000,Y_2001,Y_2002,Y_2003,Y_2004,Y_2005,Y_2006,Y_2007,Y_2008,Y_2009,Y_2010,Y_2011,Y_2012,Y_2013,Y_2014,Y_2015,Y_2016,Y_2017,Y_2018
2262,Annex_I,OECD_Europe,DNK,Denmark,1.A.1.a,Main Activity Electricity and Heat Production,fossil,0.1798018816,0.1978562584,0.3133321157,0.25114762,0.2679452035,0.2650349317,0.2782766453,0.2935744317,0.2747246542,0.291409962,0.304904732,0.246868668,0.321310546,0.3023624934,0.3050864531,0.3569653192,0.3625466266,0.3513313591,0.337862842,0.3099173271,0.4078016615,0.49402764226,0.471069755503,0.509743241747,0.58050405252,0.63490925579,0.812369603,0.78482053054,0.76390012114,0.771703463936,0.761706479192,0.790748317338,0.797913239018,0.812836538135,0.770763826863,0.740542168117,0.812474834595,0.776652470178,0.778730600293,0.75238693652,0.75056461332,0.693382745075,0.645272501697,0.65738302686,0.627250999263,0.623310577616,0.630554072375,0.60356655352,0.60974231156
2263,Annex_I,OECD_Europe,DNK,Denmark,1.A.1.a,Main Activity Electricity and Heat Production,bio,0.33,0.339,0.183414,0.183414,0.183414,0.202734,0.222444,0.224154,0.225894,0.241374,0.247463856,0.2624641,0.27746431,0.30128562,0.325788793,0.3560237746,0.4192702678,0.5683065003,0.5884577,0.6074895201,0.511727509,0.568596907,0.620447192,0.6495925,0.652430532,0.7193800581,0.801954211,0.831696873,0.862016366,0.9269084143,0.9155769732,1.0155260928,1.135455543,1.3510293207,1.5111003694,1.583226334,1.5718351809,1.6468901571,1.6842121795,1.7799780754,2.3222934839,2.2335215558,2.3533302784,2.3738056355,2.3845071873,2.3997353724,2.6125275118,3.0640582552,3.0640582552
2264,Annex_I,OECD_Europe,DNK,Denmark,1.A.1.bc,Petroleum Refining - Manufacture of Solid Fuels and Other Energy Industries,fossil,0.000857,0.000793,0.000722,0.000256,0.00022,0.01828735,0.01624958,0.0161317,0.01586385,0.01832219,0.01502611,0.01859614,0.0173277,0.01925346,0.02268631,0.02704134,0.03174911,0.03758056,0.04174007,0.04379235,0.04216684,0.0438387964,0.0501746164,0.0504332064,0.053788925,0.0576002606,0.0664347514,0.075559964,0.07941011,0.08558047,0.09049957,0.08850864,0.09329469,0.09384569,0.09620744,0.097917216,0.099955602,0.09923214,0.09649292,0.092228614,0.089970375,0.088962988,0.08970914,0.084435909,0.082829068,0.087307098,0.079145762,0.083003559,0.081673284
2265,Annex_I,OECD_Europe,DNK,Denmark,1.A.1.bc,Petroleum Refining - Manufacture of Solid Fuels and Other Energy Industries,bio,,,,,,,,,,,,,,,,,,,,,,,,,1e-06,5e-06,4e-06,4e-06,3.5e-05,4.3e-05,4.1e-05,2.8e-05,3.1e-05,3.5e-05,2.9e-05,,,,,,,,,,0.000174,0.000312,0.000444,0.000387,0.0004644
2266,Annex_I,OECD_Europe,DNK,Denmark,1.A.2,Manufacturing Industries and Construction,bio,,,0.073087,0.073087,0.073087,0.094177,0.102097,0.107977,0.108307,0.110077,0.098887,0.113407,0.116887,0.125917,0.134026,0.142164,0.146874,0.141054,0.140514,0.141396,0.141954,0.13899,0.14121,0.14361,0.13434,0.127354,0.123393,0.125449,0.12871,0.12804,0.136122,0.148693,0.108458,0.122897,0.124603,0.12993,0.141047,0.165895,0.224734,0.218216,0.225133,0.232732,0.175271,0.150047,0.136332,0.233034,0.190987,0.228837,0.228837
2267,Annex_I,OECD_Europe,DNK,Denmark,1.A.2,Manufacturing Industries and Construction,fossil,0.484774,0.406579,0.4141093,0.41022675,0.3382613,0.36999905,0.4207227,0.4401876,0.47471145,0.4801757,0.4218097,0.32991465,0.2880966,0.244641,0.29826855,0.32125675,0.32506775,0.31420135,0.3051533,0.276656,0.27081925,0.2954205,0.2805079,0.2825814,0.2760751,0.2816884,0.277933,0.27500795,0.26464385,0.25728655,0.2443329,0.2468429,0.22599515,0.23389635,0.25051955,0.23970875,0.24208335,0.235347,0.21430695,0.1625037,0.1707363,0.170702,0.14904425,0.1431927,0.1449705,0.1424725,0.147736,0.15508585,0.15617486991
2268,Annex_I,OECD_Europe,DNK,Denmark,1.A.3.a,Civil Aviation,fossil,,,,,0.004302495,0.004001498,0.0048185,0.00468949,0.004517001,0.004538498,0.004280996,0.0043885048,0.004236986,0.002387999,0.0023019965,0.0026894995,0.002388003,0.002258998,0.0016575,0.00262549201,0.001528001,0.001226999,0.001184001,0.001162498,0.001205499,0.001205499,0.001248501,0.001269997,0.00114050194,0.001011499,0.00107600194,0.00101149994,0.00088249894,0.00088249894,0.000904,0.000904,0.0008180005,0.000904,0.000860999,0.000860999,0.00090349901,0.00086050001,0.00075300051,0.00073150051,0.00068850051,0.00063549996,0.00065550046,0.00062399851,0.00062526954
2269,Annex_I,OECD_Europe,DNK,Denmark,1.A.3.b_noRES,Road Transportation no resuspension,fossil,2.54663686,2.645118789,2.730576486,2.770776664,2.533016501,2.72240002762,2.84727668983,2.963113536,3.10655977595,2.97282613551,2.8157798293,2.7003703573,2.7076085411,2.7584746663,2.8391150873,2.938417215,2.895223932,2.863539841,2.900220487,2.8483803304,2.9070200167,2.89149484417,2.90444690955,2.82057584259,2.76204053985,2.61544387845,2.499430706658,2.40208667929,2.2825615562,2.0988177274,1.8798752772,1.75560726335,1.6570762655,1.5577885382,1.4371106439,1.292423081,1.2149092629,1.14782465034,1.02556339038,0.89837534905,0.773478952,0.7105264212,0.6001966424,0.53584582238,0.5205740306,0.512893297114565,0.502026353601155,0.50161502053421,0.48696384425175
2270,Annex_I,OECD_Europe,DNK,Denmark,1.A.3.b_noRES,Road Transportation no resuspension,bio,,,,,,,,,,,,,,,,,,,,,,,,,,,,,,,,,,,,,0.000480000288,0.000719999047,0.000642000313,0.00109200052,0.003362998497,0.016389018146,0.0284609717,0.02608969672,0.02679003293,0.02598674247477,0.0267268431786051,0.029784204585075,0.028930201534822
2271,Annex_I,OECD_Europe,DNK,Denmark,1.A.3.c,Railways,fossil,0.0141432,0.0164423,0.018563,0.0183845,0.0190942,0.018563,0.0187414,0.0183845,0.0171478,0.0178575,0.0187414,0.0226299,0.0247506,0.0220988,0.0215676,0.0203309,0.0199781,0.017679,0.0189157,0.0173263,0.0166166,0.016795,0.0178575,0.018563,0.016795,0.0169735,0.016795,0.0164423,0.0137905,0.0129065,0.012728,0.0118441,0.0118441,0.0121969,0.0120225,0.0129065,0.012728,0.012728,0.0132593,0.0129065,0.013612,0.0139647,0.0139647,0.0137905,0.0141432,0.0138942,0.0141806,0.0136494,0.0136771
2272,Annex_I,OECD_Europe,DNK,Denmark,1.A.3.d,Water-borne Navigation,fossil,0.109767,0.1134,0.119952,0.14273,0.122094,0.139671,0.116326,0.107184,0.108605,0.111937,0.105042,0.094066,0.089418,0.087395,0.089103,0.139307,0.151151,0.146419,0.151746,0.162799,0.044023,0.053221,0.048251,0.053074,0.050029,0.053263,0.054957,0.047593,0.03787,0.033656,0.047635,0.049427,0.055132,0.054649,0.04816,0.056042,0.050708,0.04424,0.056728,0.052605,0.045542,0.044401,0.043267,0.043785,0.034951,0.039382,0.044681,0.043393,0.0434812
2273,Annex_I,OECD_Europe,DNK,Denmark,1.A.3.e,Other Transportation,fossil,,,,,,,,,,,,,,,,0.004089,0.004218,0.001917,0.000384,0.000894,0.00477,0.011694,0.005649,0.009651,0.010299,0.010269,0.007203,0.00693,0.008214,0.007326,0.004503,0.003975,0.0036,0.003723,0.009765,0.011058,0.005142,0.007077,0.004368,0.006549,0.004368,0.007839,0.004749,0.005652,0.005394,0.004014,0.004404,0.008337,0.00835395
2274,Annex_I,OECD_Europe,DNK,Denmark,1.A.4,Other Sectors,bio,0.6605,0.6905,1.225965,1.225965,1.225965,0.994665,0.942515,0.877765,1.313965,2.285065,3.788115,4.975865,5.453215,5.557315,5.71907,5.61173,5.773205,5.973905,5.76326,5.4941,5.4688,5.922165,6.02406,6.19647,5.95708,5.879955,5.981125,6.08309,5.5618,5.712415,6.462165,7.136815,7.40637,8.238885,8.600465,9.87429,10.83135,12.597375,12.260875,12.172865,12.948825,11.776575,11.37009,11.78471,11.582495,13.15919,13.85444,14.05686,14.05686
2275,Annex_I,OECD_Europe,DNK,Denmark,1.A.4,Other Sectors,fossil,5.6531303,3.877736801,3.256924199,3.2132874,3.0028036,2.1229653,2.3609472,2.3646474,1.7915387,1.9821825,2.2855276,2.5250266,2.0355005,1.7200367,2.58811001,2.788506,2.5319875,2.0634724,1.7426355,1.4734009,1.5365975,1.8311929,1.52503401,1.4480863,1.3634277,1.1357245,0.977303201,0.8835609,0.782131699,0.6981889,0.7496735,0.7930363,0.6752164,0.7696082,0.8199227,0.8984086,0.9681838,0.9333708,0.8810265,0.7354044,0.790348,0.7051695,0.6911657,0.7939097,0.6043982,0.5291218,0.4899713,0.4221895,0.4236854068
2276,Annex_I,OECD_Europe,DNK,Denmark,1.A.5,Non-Specified,fossil,0.07185,0.00086,0.01002,0.01388,0.05363,0.12419,0.03553,0.03644,0.04876,0.02707,0.02919,0.02416,0.43674,0.20399,0.39845,0.01389,0.012925,0.016215,0.010815,0.015085,0.00213,0.00295,0.0029,0.003345,0.003325,0.003265,0.003635,0.00325,0.003135,0.002955,0.002855,0.00299,0.002675,0.002725,0.002715,0.00267,0.00266,0.002665,0.002655,0.002655,0.002655,0.002375,0.00228,0.002135,0.001745,0.001415,0.001065,0.00123,0.001216061
2277,Annex_I,OECD_Europe,DNK,Denmark,1.B.1,Solid Fuels,fossil,0.20182149,,,,,,,,,,,,,,,,,,,,,,,,,,,,,,,,,,,,,,,,,,,,,,,,
2278,Annex_I,OECD_Europe,DNK,Denmark,1.B.2,Oil and Natural Gas,bio,,,,,,,,,,,,,,,,,,,,,,,,,,,,,,,,0.047,0.0752,0.0846,0.1222,0.1316,0.1316,0.13185,0.18565,0.1634,0.14375,0.14825,,,,,,,
2279,Annex_I,OECD_Europe,DNK,Denmark,1.B.2,Oil and Natural Gas,fossil,1.0331742,1.0313737545,1.0363442086,1.0339325626,1.0219752167,1.0119930707,1.0444225966,1.2298584224,1.2076311483,1.250385667,1.0896758,1.30824462,1.81846458,2.45192403,3.6882904,7.034225,10.2579172,13.0359708,13.8187145,15.8672662,16.7131862,19.9010406,22.1981968,24.1810197,25.8052431,27.3303392,30.5575842,35.5215129,35.8643908,37.0696652,41.8195153,40.7943798,42.6562676,40.1506197,45.7036022,49.4041434,48.5924329,45.3667137,48.3302348,43.6041909,43.0672921,39.2751682,36.9511352,34.9283541,35.3531592,36.1644031,34.7518156,35.8992125,35.50995799
2280,Annex_I,OECD_Europe,DNK,Denmark,2.B,Chemical Industry,fossil,,,,,,,,,,,,,,,,,,,,,,,,,,3.1914e-05,5.6088e-05,8.3394e-05,6.4584e-05,7.8624e-05,9.4374e-05,7.974e-05,0.000116996,7.1262e-05,7.5924e-05,7.5996e-05,0.000226098,6.831e-05,6.12e-06,1.8e-07,5.4e-07,7.2e-07,,8.64e-06,1.944e-05,2.628e-05,8.064e-06,1.7928e-05,1.7424e-05
2281,Annex_I,OECD_Europe,DNK,Denmark,2.C,Metal Industry,fossil,0.00789677,0.00786002,0.00831061,0.00749609,0.00893186,0.00933247,0.0120704,0.0223293,0.0144185,0.0134338,0.012249,0.0102341,0.00934528,,,,,,,,,,,,,,,,,,,,,,,,,,,,,,,,,,,,
2282,Annex_I,OECD_Europe,DNK,Denmark,3.A.1,Enteric Fermentation,fossil,194.233514,188.710456,194.628776,203.255248,210.117202,210.011838,212.71633,213.735394,215.665222,212.952524,208.9483,204.810836,202.8433,204.157842,196.402642,189.0921,184.0185,176.1879,171.074724,170.096528,171.9914,170.2633,166.5349,167.0232,161.6785,162.6372,162.6554,158.4291,158.4997,153.07853,153.000266,154.562414,150.552148,148.226916,144.376562,136.396736,133.127376,135.075356,136.01551,135.161176,140.77644,141.24669,144.59934,143.57778,140.164672,140.1893,141.460046,140.132578,140.796008
2283,Annex_I,OECD_Europe,DNK,Denmark,3.A.2,Manure Management,fossil,91.7035242,91.5878855,94.92811413,92.4415926,89.0104375,88.170496,88.5015367,89.9021504,94.8158129,98.0646341,101.0188308,99.4608779,95.605943,95.2621608,90.3698546,91.098793,89.94282,90.462519,86.9662281,87.6996128,88.337735,90.992651,94.842612,98.442825,98.062771,98.9493178,97.582053,100.055966,103.948018,100.6667686,102.6655407,106.8372361,106.8195852,106.7025517,107.3112645,108.707303,107.1130598,109.2418552,102.8146142,101.8493074,106.8295227,105.283921,102.085299,100.6718371,101.32739,102.223919,101.816,102.0878067,104.6923073
2284,Annex_I,OECD_Europe,DNK,Denmark,3.C.1,Emissions from biomass burning,bio,0.77103806,0.85162461,0.856796461,0.819016091,0.884996825,0.7927498363,0.7697176083,0.9230453295,0.9300834802,0.944842697,0.886924109,0.921615089,1.02416327,0.88175817,1.26445474,1.13197428,1.14356627,1.06354325,1.14277055,1.2832909,1.42405756,1.345281132,1.114504334,1.300855912,1.200020222,0.827155607,0.836658359,0.872197486,0.857279806,0.781069937,0.820662396,0.822511781,0.769158176,0.79839967,0.79310197,0.813439791,0.765821691,0.728191526,0.796383406,0.888127357,0.786271038,0.782560304,0.810413883,0.770205461,0.85509623,0.85833733,0.78169118,0.86104922,0.59636736
2285,Annex_I,OECD_Europe,DNK,Denmark,4.A,Solid Waste Disposal,fossil,59.1183,59.4337,59.7489,60.0643,60.3794,60.6946,60.8415,60.9882,61.1351,61.2818,61.4285,61.4054,61.3821,61.3587,61.3356,61.3123,61.3767,61.4412,61.5056,61.57,61.61214358,61.61726565,60.8502233,60.1841837,56.9397266,53.4519615,51.8291801,48.250327,45.210952,45.748773,43.029159,44.8003991,41.786309,42.6785996,37.586574,36.5092822,38.297515,36.454351,35.2613328,33.6628045,31.1238095,31.1810107,29.9488501,28.3316318,27.7396937,26.2889611,24.9540793,23.8737699,23.9603584
2286,Annex_I,OECD_Europe,DNK,Denmark,4.B,Biological Treatment of Solid Waste,fossil,1.29636,1.29636,1.29636,1.29636,1.29636,1.29636,1.29636,1.29636,1.29636,1.29636,1.29636,1.29636,1.29636,1.29636,1.29636,1.29636,1.29636,1.29636,1.29636,1.29636,1.29636,1.43656,1.57644,1.71648,1.85624,1.77484,2.06724,2.41164,2.68812,3.35264,3.85312,3.65764,4.47004,4.55856,3.23916,3.41616,3.67676,4.13328,3.8298,4.1864,4.04248,3.89856,3.90672,3.99564,4.87468,4.86448,5.05768,5.25084,5.44404
2287,Annex_I,OECD_Europe,DNK,Denmark,4.C,Incineration and Open Burning of Waste,fossil,1.77203,1.7173844,1.6629826,1.6086598,1.5544214,1.500385,1.5297021,1.5589012,1.5878245,1.6165097,1.644977,1.5571917,1.4402029,1.3634085,1.3244542,1.2689783,1.2220188,1.2022209,1.2053762,1.1877992,1.2195056,1.3331318,1.4334778,1.2486775,1.3487529,1.2891821,1.28864394,1.28800409,1.2876582,1.286312,1.28477457,1.28395483,1.28293691,1.28191217,1.28096551,1.280126,1.493012,1.493009,1.680043,1.680049,4.900661,4.900667,4.86911,4.86911,6.875033,6.875033,7.269916,7.664805,8.059691
2288,Annex_I,OECD_Europe,DNK,Denmark,4.C,Incineration and Open Burning of Waste,bio,0.069095,0.0680339,0.0669268,0.065714,0.0644586,0.0631607,0.0616028,0.0600166,0.0583512,0.0566119,0.0548514,0.0528876,0.0508729,0.0488547,0.046833,0.0448077,0.0428155,0.0408163,0.0388099,0.0368592,0.0348647,0.033082,0.0311562,0.0292784,0.0275,0.03279071,0.03025171,0.02761163,0.0249326,0.02117879,0.01683719,0.01445283,0.01171483,0.0088852,0.00628398,0.003951,0.003972,0.003981,0.003972,0.003999,0.004014,0.004011,0.005049,0.004035,0.00402,0.004035,0.00408,0.004107,0.00417
2289,Annex_I,OECD_Europe,DNK,Denmark,4.D,Wastewater Treatment and Discharge,fossil,12.1178445,11.9422746,11.6124981,11.9726075,12.3056218,11.4555853,11.0524854,11.0748642,10.9702371,11.2731646,11.4241602,11.54746496,11.52763005,11.105787,11.7580742,11.7686999,11.7797772,11.6736613,11.72252252,11.60406794,11.6752782,12.1179329,12.3576092,12.6340257,12.8703424,14.1106815,12.9040083,13.0673426,12.6897254,12.482707,12.4736727,12.568442,12.7910998,12.5044412,12.4676351,12.2421547,11.8453882,11.4894111,11.2440446,11.0045799,11.0673549,11.3295361,11.1800118,10.9457532,11.05388263,10.76077739,10.93062588,10.83793592,10.88135401
2323,Annex_I,OECD_Europe,FIN,Finland,1.A.1.a,Main Activity Electricity and Heat Production,fossil,0.1614863,0.1416226818,0.1551340081,0.1552874673,0.1473042728,0.173728539,0.2725046449,0.2422877039,0.26484739157,0.24704659186,0.26926811316,0.1905697638,0.1627243676,0.1423287555,0.1529823149,0.2239363071,0.2403743168,0.2661730764,0.27805347146,0.32107980691,0.3771025208,0.4189622523,0.34849796003,0.3965304736,0.4615728847,0.4883603099,0.64708224287,0.622399068141,0.5749364348,0.595316815698,0.6270962872804,0.768949424580801,0.8194249637217,0.9572869405804,0.8926863940382,0.7231505191247,0.8577485830227,0.8143334742754,0.7582042848499,0.7648772292626,0.8732840860958,0.7585097154378,0.6827340897175,0.6641474885415,0.644883305427,0.610143665058,0.639446259534,0.6230160597,0.675729778658
2324,Annex_I,OECD_Europe,FIN,Finland,1.A.1.a,Main Activity Electricity and Heat Production,bio,,,,,,0.003749985,0.01431004,0.01734002,0.01808998,0.01734001,0.01808998,0.02262004,0.02261994,0.01884001,1.13166004,1.15418952,1.0221298,1.13084986,1.15064921,1.180141482,1.299390233,1.206961321,1.0279798,1.190699276,1.31243965,1.346189821,1.46493659,1.7271905,1.860326187,2.00683631,2.507228725,2.5086437768,2.95762580355,3.19618101613,3.437238469,3.297602787,3.688173123,3.2826473021,3.568293084,3.1781486164,4.0415941763,4.0899161343,4.3273837202,4.5475229677,4.39343010709,4.19451289092,4.3403533919,4.4994088641,4.4994088641
2325,Annex_I,OECD_Europe,FIN,Finland,1.A.1.bc,Petroleum Refining - Manufacture of Solid Fuels and Other Energy Industries,bio,,,,,,,,,,,,,,,,,,,,,,,,,,,,,,,,,,,,,,0.000193,0.000486,0.000751,0.000696,0.000549,0.000661,0.001458,0.001611,0.001576,0.001877,0.001523,0.0016954
2326,Annex_I,OECD_Europe,FIN,Finland,1.A.1.bc,Petroleum Refining - Manufacture of Solid Fuels and Other Energy Industries,fossil,0.022507,0.02266,0.024493,0.023194,0.0254959,0.0226209,0.02277,0.026285,0.024899,0.026829,0.025492,0.02574,0.022572,0.024503,0.0227199,0.02376,0.021483,0.023562,0.023017,0.020344,0.0569972,0.0575126,0.0574554,0.0562933,0.0567655,0.0576921,0.0599191,0.0529412,0.0601442,0.0611084,0.07587286,0.07373937,0.07392761,0.07468618,0.07621915,0.07614747,0.08470065,0.10058518,0.10097284,0.09549,0.09146892,0.09426547,0.08957005,0.08822757,0.08839701,0.07557923,0.0580599,0.0555986,0.053460897
2327,Annex_I,OECD_Europe,FIN,Finland,1.A.2,Manufacturing Industries and Construction,fossil,0.46039695,0.42906885,0.53776895,0.57554485,0.51275155,0.43864075,0.46149295,0.44299545,0.61609265,0.6144852,0.63714615,0.65478715,0.6929345,0.6651497,0.68712195,0.6648996,0.6311872,0.6662606,0.60144365,0.6840569,0.5968286,0.5683708,0.51829535,0.51262565,0.5347987,0.48362935,0.4733189,0.490618,0.53209175,0.4813611,0.4540743,0.46399105,0.4443401,0.4515656,0.4601574,0.4281749,0.40931245,0.3788344,0.37945535,0.32745155,0.38464845,0.34928555,0.3311376,0.33419415,0.33004505,0.316951,0.33383045,0.3422847,0.35471995451
2328,Annex_I,OECD_Europe,FIN,Finland,1.A.2,Manufacturing Industries and Construction,bio,0.248091,0.248091,0.248091,0.248091,0.248091,0.248091,0.248091,0.248091,0.248091,0.248091,0.248091,0.248091,0.248091,0.248091,3.335091,2.863311,2.913261,3.065241,3.405141,3.461721,3.330321,2.929107,2.969577,3.346464,3.603687,3.898023,3.818363,4.273278,4.459606,4.605613,4.65095,4.265724,4.419519,4.338009,4.548907,4.015279,4.645145,4.67852,4.442787,3.567254,4.085195,4.197837,4.2794,4.400792,4.634596,4.733569,5.028712,5.315846,5.34761
2329,Annex_I,OECD_Europe,FIN,Finland,1.A.3.a,Civil Aviation,fossil,0.0010839997,0.0011029984,0.0011649991,0.0013805009,0.0017680021,0.0019839971,0.0018109991,0.0016815029,0.0016815029,0.0018309998,0.0018739968,0.002045001,0.001958502,0.001979999,0.002065999,0.001958502,0.002023499,0.0021955,0.002495996,0.002559991,0.002818496,0.002882501,0.002710495,0.002646001,0.002688994,0.002495497,0.002667502,0.002904007,0.003140498,0.003269999,0.002580998,0.002537991,0.002215496,0.00221499701,0.00225800001,0.002150004,0.00204300601,0.00191399901,0.00184949901,0.00167749801,0.00163450101,0.00182800301,0.00152700401,0.00131199901,0.00131199901,0.00126900101,0.00129049801,0.00133350101,0.00133803577
2330,Annex_I,OECD_Europe,FIN,Finland,1.A.3.b_noRES,Road Transportation no resuspension,bio,,,,,,,,,,,,,,,,,,,,,,,,,,,,,,,,,8.10000339e-05,0.000494999375,0.000578999822,,8.100010867e-05,0.0001650000002,0.00894000354,0.016780946936,0.017181875317,0.025763806056,0.025511828082,0.029480453583,0.06514654514,0.064319651067,0.025010519406,0.05298063497,0.05252072835
2331,Annex_I,OECD_Europe,FIN,Finland,1.A.3.b_noRES,Road Transportation no resuspension,fossil,1.839075258,1.9653882641,2.0973247656,2.261886648,2.147089431,2.416635702,2.4909486876,2.5034310367,2.5413594186,2.65669207416,2.554312181,2.566467954,2.635125727,2.722671649,2.793179285,2.9237985106,3.161710058,3.3416015886,3.4740633056,3.7063177219,3.7156170191,3.500578315887,3.394251239174,3.075294951458,3.01249466546,2.837235007,2.623746648,2.58036125655,2.42528715542,2.2875409386,2.01872420907,1.93693040663,1.86420388058,1.7656956447,1.6917277482,1.5831231451,1.51718830242,1.46095396233,1.27738864162,1.17029043789,1.1011000976,0.99678708074,0.9089445395,0.81966120197,0.77379576998,0.75066180592,0.74798901162,0.69740311853,0.68083358234
2332,Annex_I,OECD_Europe,FIN,Finland,1.A.3.c,Railways,fossil,0.0190942,0.016795,0.0178575,0.0183845,0.0189157,0.0169735,0.0171478,0.0160896,0.0148487,0.0152056,0.0155584,0.0153799,0.0141432,0.0137905,0.0129065,0.0125538,0.0113129,0.0125538,0.0123753,0.0120225,0.0109602,0.0102547,0.0102547,0.0113129,0.0118441,0.0107858,0.0093707,0.009545,0.0093707,0.00901795,0.0083083,0.0077771,0.00742435,0.00742435,0.0076028,0.00725005,0.0076028,0.00618765,0.0063661,0.0053037,0.00548215,0.00565645,0.00565645,0.00512525,0.0047725,0.00388855,0.0035358,0.0035358,0.00354782
2333,Annex_I,OECD_Europe,FIN,Finland,1.A.3.d,Water-borne Navigation,fossil,0.024108,0.024416,0.026537,0.027433,0.025893,0.027097,0.024535,0.024794,0.025053,0.028595,0.025634,0.025935,0.02597,0.021742,0.023807,0.026922,0.026873,0.028273,0.025606,0.024115,0.033922,0.033089,0.033173,0.034853,0.039389,0.039291,0.038101,0.037492,0.038815,0.048153,0.047173,0.043232,0.044912,0.046312,0.044667,0.045304,0.048538,0.04998,0.041398,0.042546,0.048811,0.046284,0.043092,0.042721,0.037296,0.037996,0.035616,0.037079,0.03720515
2334,Annex_I,OECD_Europe,FIN,Finland,1.A.3.d,Water-borne Navigation,bio,,,,,,,,,,,,,,,,,,,,,,,,,,,,,,,,,,,,,,,0.000165,0.000249,0.000249,0.000246,0.000249,0.000165,0.000249,0.000171,0.00018,0.000252,0.000252
2335,Annex_I,OECD_Europe,FIN,Finland,1.A.3.e,Other Transportation,fossil,,,,,,,,,,,,,,,,,,,,,,,,,0.000442,0.000467,0.000574,0.00079,0.00079,0.000862,0.000574,0.000826,0.00079,0.001005,0.000864,0.000756,0.000718,0.000503,0.000395,0.000396,0.000396,0.000324,0.000319,0.000245,0.000251,0.000134,0.000188,0.000176,0.0002012921
2336,Annex_I,OECD_Europe,FIN,Finland,1.A.4,Other Sectors,fossil,3.6794154,2.9193274,5.86299551,2.1712049,2.5505091,1.9907243,1.9357495,2.0674658,1.96317559,2.1374046,2.29749529,2.25021011,2.0299459,1.4189125,1.44831351,1.3340861,1.2964053,1.5635453,1.0454519,0.6630454,0.6647228,0.6888649,0.9761539,0.538774599,0.7470463,0.549325501,0.695797899,0.693039,0.7089567,0.6152046,0.6997246,0.7599614,0.7972199,0.8228428,0.8478457,0.7865703,0.7796348,0.8313813,0.8195243,0.9032731,1.0738256,0.8942429,0.9692632,0.8795139,0.8374685,0.836963,0.919463,0.915802,0.9485535384
2337,Annex_I,OECD_Europe,FIN,Finland,1.A.4,Other Sectors,bio,,,,,,,,,,,,,,,8.4807,9.411,10.1094,10.3737,6.3207,9.4605,13.41,13.44,13.47,13.5,13.5,13.41,14.07,14.13,14.31,13.9655,13.618799,15.346317,15.84605,16.042555,16.144227,16.306036,16.90093305,16.95582,18.29234805,19.446136,21.69299605,18.542747,20.25405095,18.994371,19.041084,17.847249,19.49366895,19.117567,19.144543
2338,Annex_I,OECD_Europe,FIN,Finland,1.A.5,Non-Specified,bio,52.4901,50.8572,49.8258,49.5159,48.4584,39.7914,39.6204,38.5533,40.3347,42.6114,43.3293,44.6955,42.3987,46.743,,,,,,,,,,,,,,,,,,,,,,,,,0.00137,0.00214,0.00126,0.00101,0.00038,,,,6e-05,,
2339,Annex_I,OECD_Europe,FIN,Finland,1.A.5,Non-Specified,fossil,0.00256,0.00085,,0.00128,,,,,0.00256,,,,,,,,,,,,,,,,,,,,,,0.10727,0.16604,0.14436,0.18872,0.12308,0.11464,0.09678,0.11471,0.11332,0.10088,0.07438,0.0632,0.07006,0.06706,0.06787,0.07299,0.07561,0.07134,0.0715825
2340,Annex_I,OECD_Europe,FIN,Finland,1.B.1,Solid Fuels,fossil,,,,,,,,,,,,,,,,,,0.10269,0.52002,0.562905,0.633105,0.53298,0.647415,0.922995,1.19862,1.19601,1.18962,1.14908,1.20249,1.18665,1.19983,1.19853,1.20249,1.18004,1.19192,1.17873,1.14709,1.14053,1.13391,0.973035,1.0904,1.12338,1.16159,1.15763,1.17081,1.15502,1.16294,1.13918,1.13133
2341,Annex_I,OECD_Europe,FIN,Finland,1.B.2,Oil and Natural Gas,bio,,,,,,,,,,,,,,,,,,,,,,,,,,,,,,,,,,,,,,0.077,0.1763,0.48395,0.62855,0.43425,0.55135,0.69105,0.7683,0.9047,0.2289,0.64855,0.66799
2342,Annex_I,OECD_Europe,FIN,Finland,1.B.2,Oil and Natural Gas,fossil,2.6089204,2.799221434,3.09367295,2.82092648,2.568878245,7.07260239,13.56858005,20.7829244,23.4527051,24.7729061,20.9438932,15.5789385,10.3865725,10.9980942,12.5935024,14.2384007,15.7493386,16.4401885,16.2454173,17.0568831,18.2553474,19.657885,21.367889,22.5981492,23.6133576,24.5608162,23.3202315,22.2841023,21.3579507,22.3566114,23.3721391,24.4973295,25.2329439,27.0021419,44.0006869,60.8590842,77.7962055,94.6830805,111.5125079,128.3485705,144.9647682,161.6835882,178.2424456,210.1140885,247.7282063,292.1396089,250.0294905,263.3542804,280.4027749
2343,Annex_I,OECD_Europe,FIN,Finland,2.B,Chemical Industry,fossil,0.018519,0.0653217,0.0950402,0.0829735,0.0977463,0.0839974,0.0893885,0.0885096,0.0942307,0.0946718,0.059496,0.051807,0.046428,0.05283,0.058275,0.057219,0.061377,0.066756,0.071706,0.071013,0.0619905,0.0737121,0.0713856,0.0650307,0.0587538,0.0744341,0.076099,0.060586,0.0841882,0.085866,0.0844539,0.0860402,0.0751766,0.0984396,0.108028,0.10789,0.103221,0.0975222,0.116829,0.65219,1.705357,0.863925,0.915494,0.845679,0.96175,0.775278,0.632819,0.687026,0.539698
2344,Annex_I,OECD_Europe,FIN,Finland,2.C,Metal Industry,fossil,0.6374592,0.5588584,0.5805719,0.6942279,0.708872,0.4460153,0.47611,0.509421,0.447612,0.561539,0.486157,0.463811,0.313919,0.1939293,0.288723,0.297983,0.297425,0.312986,0.334497,0.357042,0.349808,0.367107,0.384806,0.426965,0.469533,0.441383,0.438379,0.459158,0.467563,0.496809,0.505836,0.475919,0.489657,0.514177,0.524601,0.490613,0.509465,0.484126,0.478035,0.291719,0.341801,0.456819,0.442229,0.638026,0.665082,0.705241,0.729821,0.796772,0.773408
2345,Annex_I,OECD_Europe,FIN,Finland,3.A.1,Enteric Fermentation,fossil,126.1079,124.23235,122.1438,122.44095,121.6402,118.52305,118.53025,116.09785,116.9536,115.6054,116.70835,115.71715,113.6463,112.24995,108.4822,107.0079,105.9328,101.46555,97.4743,95.3528,95.74975,91.17815,88.52055,87.45995,87.05295,83.01035,82.3946,82.6319,80.9207,78.71135,77.470588,77.586089,77.7469,76.82475,75.1867,72.103186,72.872674,71.536481,71.042474,72.154714,73.42632,72.884,72.91761,72.893815,73.13967,73.27598,72.789555,71.2922,70.387765
2346,Annex_I,OECD_Europe,FIN,Finland,3.A.2,Manure Management,fossil,33.7817961,33.8538194,33.69701603,34.3146774,33.21758821,32.19038004,32.10429541,32.06064319,32.75411476,32.68454558,33.33352501,32.90511863,32.52053784,31.82928764,30.39351041,29.038482,28.2804578,28.0362836,26.815593,26.1979648,25.9889562,24.737516782533,23.950834087467,23.7015760981,23.7403031282,23.2079218462,22.9965005467,23.68347895667,23.189835916,22.683808352,22.64110488407,21.36808725478,21.705642129,21.89469433567,21.27059977767,21.2659110056,21.2658677255,20.90749623165,21.1481578247,20.2898429346,20.1405963355,20.0733858163,19.9497122189,20.30686069885,20.1107860596,20.2496023179,20.26885794735,19.3681330747,19.18981826305
2347,Annex_I,OECD_Europe,FIN,Finland,3.C.1,Emissions from biomass burning,bio,0.395347226,0.420715361,0.417921673,0.39884134,0.41983291,0.47495677,0.53468638,0.38906972,0.4025948,0.42406678,0.43864952,0.34191803,0.45121188,0.51104816,0.47678099,0.47964059,0.46846802,0.318637298,0.393097909,0.499762653,0.55554287,0.44505822,0.34638299,0.42514391,0.43016931,0.257490058,0.284181198,0.29512317,0.232375214,0.233683956,0.313991299,0.2881674082,0.307022854,0.301646952,0.293995628,0.323070825,0.299426904,0.320430021,0.325591263,0.329528893,0.244476223,0.2969924,0.289032568,0.31375415,0.328908712,0.297396949,0.282893321,0.267499028,0.217506965
2348,Annex_I,OECD_Europe,FIN,Finland,4.A,Solid Waste Disposal,fossil,334.574,355.62,357.236,358.858,360.495,362.144,363.226,364.305,365.38,366.437,367.49,369.356,371.225,373.11,374.999,376.903,378.223,379.54,380.85,382.149,434.791,446.3053008,437.8835915,429.2638075,426.7157049,402.6786821,375.1234075,347.422973,314.114488,374.741843,360.424399,379.426292,342.314898,364.69182,458.66526,403.18353,443.03798,287.53755,309.77506,347.03642,323.29414,319.58623,389.36334,353.26402,321.20605,282.94563,177.25395,177.901282,178.522718
2349,Annex_I,OECD_Europe,FIN,Finland,4.B,Biological Treatment of Solid Waste,fossil,0.24,0.24,0.24,0.24,0.24,0.24,0.24,0.24,0.24,0.24,0.24,0.24,0.24,0.24,0.24,0.24,0.24,0.24,0.24,0.24,0.24,0.26316,0.28632,0.30948,0.33264,0.409924,0.487204,0.564488,0.61658,0.668672,0.720764,0.758572,0.796384,0.834196,0.872008,0.931788,0.92964,1.15493,1.13608,1.12278,1.21435,1.27673,1.21759,1.26789,1.26797,0.988196,0.869228,0.923176,1.0076
2350,Annex_I,OECD_Europe,FIN,Finland,4.C,Incineration and Open Burning of Waste,bio,0.263055,0.260122,0.25726,0.254321,0.251116,0.247478,0.243258,0.238594,0.23371,0.228704,0.223661,0.218696,0.213684,0.208472,0.20293,0.197023,0.190471,0.183534,0.176334,0.168969,0.16149,0.178003,0.183814,0.201577,0.205924,0.192581,0.16717114,0.20753374,0.2170322,0.2739066,0.32136429,0.232597,0.180785514,0.168465514,0.136520114,0.068079,0.067083,0.093525,0.143766,0.139287,0.16761,0.204051,0.277983,0.34164,0.395331,0.39426,0.455097,0.494334,0.52071
2351,Annex_I,OECD_Europe,FIN,Finland,4.C,Incineration and Open Burning of Waste,fossil,13.2012,12.924,12.6492,12.3768,12.1064,11.8368,11.9796,12.1224,12.2644,12.4076,12.5516,12.5256,12.502,12.4812,12.4612,12.442,12.3968,12.352,12.3076,12.2652,12.226,11.424,10.6468,9.834,9.368,8.6124,8.6124,8.6124,8.6124,8.6124,8.6124,8.6124,8.6124,8.6124,8.6124,8.6124,10.8436,10.8436,8.6532,8.6532,10.2376,10.2376,6.61576,6.61576,7.99476,7.99476,7.5462,7.09764,6.64908
2352,Annex_I,OECD_Europe,FIN,Finland,4.D,Wastewater Treatment and Discharge,fossil,128.8138183,124.299923,130.0995376,136.2411457,134.2885511,106.8752222,110.4727812,106.8190486,118.388863,135.87869,141.3016131,143.160694,131.205567,139.19507,154.8355988,154.87135764,154.3277645,163.29127993,172.50006222,174.78658692,171.0736543,164.6263597,166.3481159,181.8659804,193.3481654,195.7683865,188.7703814,213.96924767,219.15630821,223.40504168,229.740545,216.807994,227.0467753,231.7697177,244.1524969,217.5319372,253.5440888,248.7769978,226.5615146,176.6241566,208.124197,203.7536318,199.0592134,202.2023913,201.9111269,201.9999719,206.5653477,214.4167275,207.3467587
2495,Annex_I,OECD_Europe,ISL,Iceland,1.A.1.a,Main Activity Electricity and Heat Production,fossil,0.001149,0.001277996,0.001407004,0.002427004,0.002301002,0.002427004,0.001787996,0.001787996,0.001532996,0.001532996,0.001277996,0.001509,0.0006149995,0.0003749995,0.000249,0.000249,0.000249,0.000249,0.000129,0.000129,0.000129,0.000129,0.000129,0.000789,0.000789,0.0010349995,0.000909,0.000909,0.001509,0.001989,0.000969,0.000969,0.001179,0.001179,0.001179,0.001179,0.001179,0.004029,0.002439,0.000729,0.000669,0.000129,0.000129,0.0002549995,0.0002549995,0.0002549995,0.0002549995,0.0002730002,0.0002724668
2496,Annex_I,OECD_Europe,ISL,Iceland,1.A.1.a,Main Activity Electricity and Heat Production,bio,,,,,,,,,,,,,,,,,,,,,,,,0.00069,0.00069,0.00069,0.00069,0.00069,0.00069,0.00069,0.00084,0.00084,0.00105,0.00105,0.001078,0.001092,0.001482,0.003782,0.002312,0.000632,0.00054,,,,,,,,
2497,Annex_I,OECD_Europe,ISL,Iceland,1.A.2,Manufacturing Industries and Construction,bio,,,,,,,,,,,,,,,,,,,,,,,,,,,,,,,,,,,,,,,,,,,,0.00078,0.00078,0.00081,0.01274,0.012643,0.006743
2498,Annex_I,OECD_Europe,ISL,Iceland,1.A.2,Manufacturing Industries and Construction,fossil,0.007977,0.010857,0.012057,0.013857,0.015552,0.012042,0.013818,0.014682,0.017682,0.023827,0.024874,0.024704,0.02528615,0.0309942,0.0400432,0.04101215,0.04287525,0.0371337,0.03883425,0.03881115,0.03934425,0.03694095,0.03144875,0.0316422,0.0403125,0.0362451,0.0432868,0.0419335,0.0439163,0.03965455,0.0576059,0.05706645,0.05933525,0.05599745,0.0628758,0.0611513,0.0554278,0.0577042,0.050671,0.0436711,0.0436825,0.042726,0.0441383,0.04717955,0.0463442,0.0451233,0.04836695,0.0498958,0.05269428924
2499,Annex_I,OECD_Europe,ISL,Iceland,1.A.3.a,Civil Aviation,fossil,6.6e-05,6.6e-05,4.4e-05,4.4e-05,2.200001e-05,2.200001e-05,0.0003879995,0.0003669988,0.0003449988,0.0006889995,0.000474,0.000474,0.00036599951,0.0003665002,0.00038749981,0.0001944999,0.0001944999,0.0002159997,0.0002159997,0.0002159997,0.0002375001,0.0002159997,0.0001944999,0.00017249991,0.00015100011,0.00019399971,0.0002159997,0.00021550011,0.0002375001,0.00021550011,0.00019399971,0.00017249991,0.00015100011,0.00015100011,0.00015100011,0.00015100011,0.00019399971,0.00015100011,0.00019399971,0.00015100011,0.00015100011,0.0001290001,0.0001290001,0.0001290001,0.00028000011,0.00015100011,0.0001504999,0.0001570002,0.00015669369
2500,Annex_I,OECD_Europe,ISL,Iceland,1.A.3.b_noRES,Road Transportation no resuspension,fossil,0.092289893,0.1006766453,0.1104534407,0.137231666,0.123722536,0.146061277,0.133025722,0.133265651,0.1544482747,0.1495599973,0.15281833,0.156551092,0.163301965,0.158654142,0.162625331,0.169376196,0.179632594,0.201522537,0.214557596,0.213167262,0.227715872,0.236001521,0.229892964,0.228415859,0.2334405305,0.230949546,0.26276418162,0.201204129006,0.18420753838,0.16034751654,0.1313923315,0.12235606562,0.11369258632,0.10425283221,0.0983757343,0.0926341698,0.0989931394,0.0941095365,0.0839448796,0.077743420696,0.069001893184,0.06373080355,0.0585596454,0.05553276277,0.05304724219,0.05228285346,0.05378585584,0.053178415944244,0.052330321249321
2501,Annex_I,OECD_Europe,ISL,Iceland,1.A.3.b_noRES,Road Transportation no resuspension,bio,,,,,,,,,,,,,,,,,,,,,,,,,,,,,,,,,,,,,,0.003716680205,0.00536854343,0.00660744959,0.009085217948,0.01982231158,0.03014644315,0.0295770811626,0.0295739025108,0.0301553104649,0.0311095499558,0.0313101647174,0.0312942304042
2502,Annex_I,OECD_Europe,ISL,Iceland,1.A.3.d,Water-borne Navigation,fossil,0.003521,0.003521,0.003521,0.003521,0.003521,0.003521,0.003521,0.003521,0.004718,0.004417,0.004123,0.011942,0.004697,0.004718,0.006937,0.005572,0.005852,0.005852,0.005257,0.005537,0.005537,0.004942,0.005523,0.005537,0.007252,0.003206,0.004361,0.002912,0.00203,0.001792,0.00147,0.00203,0.001456,0.00175,0.001792,0.001792,0.004662,0.005411,0.004998,0.002912,0.003227,0.001792,0.00119,0.00147,0.00175,0.002387,0.002681,0.002954,0.00294823
2503,Annex_I,OECD_Europe,ISL,Iceland,1.A.3.e,Other Transportation,bio,,,,,,,,,,,,,,,,,,,,,,,,,,,,,,,,,,,,,,,,,,,,,,,,3e-06,3e-06
2504,Annex_I,OECD_Europe,ISL,Iceland,1.A.4,Other Sectors,fossil,0.0325492,0.0305793,0.0318219,0.0311768,0.0316812,0.0317888,0.0317724,0.0336837,0.0358051,0.039558,0.0464467,0.0487872,0.0506086,0.0511349,0.0429027,0.0326667,0.0365536,0.0378126,0.040875,0.0434665,0.06378725,0.06668105,0.07141305,0.07471005,0.07547165,0.07438105,0.0815606,0.0789441,0.0750346,0.0732356,0.0689341,0.0613076,0.06727515,0.07083815,0.06832305,0.06693005,0.05414245,0.05783045,0.05324445,0.06175745,0.05528945,0.05258745,0.05151805,0.0608145,0.0572359,0.0612765,0.0514005,0.0510144,0.05091477792
2505,Annex_I,OECD_Europe,ISL,Iceland,1.A.4,Other Sectors,bio,,,,,,,,,,,,,,,,,,,,,,,,,,,,,,,,,,,,,,,,,,,,,,,,2e-05,2e-05
2506,Annex_I,OECD_Europe,ISL,Iceland,1.A.5,Non-Specified,fossil,0.00066,0.00109,0.00066,0.00109,0.00086,0.00152,0.00023,0.00109,0.00086,,0.00109,0.00109,0.00109,,0.00043,0.00043,,0.00043,0.00043,,,,,,,,,,,,,,,,,,0.00341,,,,,,,,,0.00213,0.00213,0.00424,0.0042317305
2507,Annex_I,OECD_Europe,ISL,Iceland,1.A.5,Non-Specified,bio,,,,,,,,,,,,,,,,,,,,,,,,,,,,,,,,,,,,,,,,,,,,,,,,2e-05,2e-05
2508,Annex_I,OECD_Europe,ISL,Iceland,1.B.2,Oil and Natural Gas,bio,,,,,,,,,,,,,,,,,,,,,,,,,,,,,,,,,,,,,,,,,,5e-05,0.00015,0.00015,0.00015,,,,
2509,Annex_I,OECD_Europe,ISL,Iceland,2.B,Chemical Industry,fossil,,,,,,,,,,,,,,,,,,,,,,,,,,,,,,,,,,,,,,,,,,,,,,,,,
2510,Annex_I,OECD_Europe,ISL,Iceland,2.C,Metal Industry,fossil,0.153541,0.148753,0.182138,0.219245,0.201721,0.1712,0.18634,0.193692,0.177443,0.185539,0.148583,0.125573,0.064714,0.0679969,0.106152,0.0956105,0.07348,0.06622,0.07711,0.0792,0.06908,0.0629481,0.0568161,0.0741125,0.0726033,0.078551,0.0792,0.077,0.0748,0.07799,0.077,0.123143,0.132686,0.1265,0.1298,0.132,0.125178,0.1254,0.11867,0.124292,0.125654,0.132084,0.145,0.13772,0.120713,0.133712,0.1342,0.151455,0.143687
2511,Annex_I,OECD_Europe,ISL,Iceland,3.A.1,Enteric Fermentation,fossil,10.7745275,10.4861205,11.170936,11.750496,12.0299445,12.1139325,11.9717475,12.1107025,12.3724345,12.2244455,11.18088,11.474451,10.911874,10.881778,11.10573,11.186678,10.8746,10.38241,10.16518,10.036605,10.139145,9.97651,9.72183,9.53404,9.639265,9.36196,9.48927,9.588435,9.697375,9.65544,9.26396,9.28587,9.147249,9.0543835,8.9945615,8.937393,9.194465,9.403905,9.521359,9.748684,9.796089,9.76943,9.710505,9.4362245,10.001955,10.25459,10.165255,9.98396,9.83657
2512,Annex_I,OECD_Europe,ISL,Iceland,3.A.2,Manure Management,fossil,1.09921632,1.1181225,1.19542081,1.2659939,1.29592883,1.29752959,1.26354827,1.29681934,1.30963471,1.31377919,1.27296784,1.2613208,1.27572966,1.34724286,1.4354333,1.5255167,1.50972636,1.47224822,1.47455344,1.46967459,1.54288145,1.5292676,1.50048684,1.4344414,1.42719861,1.4283942,1.4407821,1.43424691,1.44178203,1.42321036,1.3866577,1.34682316,1.28572722,1.31181115,1.23868933,1.28699193,1.33162687,1.34887192,1.39679299,1.40353575,1.36130807,1.36759084,1.33995471,1.21537611,1.29677113,1.3403377,1.32832119,1.3285444,1.32754874
2513,Annex_I,OECD_Europe,ISL,Iceland,3.C.1,Emissions from biomass burning,bio,8.84015e-05,0.00018623,0.000140528,8.87393e-05,0.000146361,9.51167e-05,0.000108021,0.000109742,0.000145561,0.000106051,0.00015093,0.000124247,0.000142733,0.00012636,0.000160715,0.000144935,0.000153869,0.000157469,0.000138927,0.00012204,0.000134676,0.000207671,0.000141091,0.00011273,0.000118062,6.53916e-05,7.78046e-05,6.71493e-05,8.19998e-05,6.09306e-05,6.08086e-05,7.11536e-05,6.74957e-05,6.50579e-05,6.86232e-05,7.11893e-05,6.92064e-05,6.74387e-05,6.67259e-05,6.24491e-05,6.66689e-05,4.57388e-05,4.85158e-05,4.28976e-05,0.0004151043,0.0003712835,0.0005609169,0.0005525682,0.000327566
2514,Annex_I,OECD_Europe,ISL,Iceland,4.A,Solid Waste Disposal,fossil,5.94032,6.3136,6.32811,6.3428,6.35779,6.37294,6.3868,6.4004,6.41386,6.42695,6.4399,6.45055,6.46118,6.47191,6.48278,6.49375,6.50371,6.51358,6.52346,6.53339,6.251,6.18123,6.33492,6.74916,7.12626,7.51476,7.68118869,7.83988707,8.08246365,8.33597365,8.55765146,8.86469083,8.93483206,9.00876124,9.29203545,11.1747629,10.99965633,10.08545915,9.84990127,9.00142021,9.03817439,8.33898003,7.6611366,7.7206937,7.7138667,8.2999647,8.3560284,8.4201567,8.4893754
2515,Annex_I,OECD_Europe,ISL,Iceland,4.B,Biological Treatment of Solid Waste,fossil,0.008,0.008,0.008,0.008,0.008,0.008,0.008,0.008,0.008,0.008,0.008,0.008,0.008,0.008,0.008,0.008,0.008,0.008,0.008,0.008,0.008,0.008,0.008,0.008,0.008,0.008,0.008,0.008,0.008,0.008,0.008,0.008,0.008,0.012,0.012,0.02,0.032,0.04,0.042428,0.0509516,0.060978,0.0571236,0.0447172,0.059868,0.08056,0.0852056,0.0912372,0.08682,0.0960216
2516,Annex_I,OECD_Europe,ISL,Iceland,4.C,Incineration and Open Burning of Waste,bio,0.10959,0.108437,0.107304,0.106062,0.104709,0.103078,0.10124,0.099151,0.0969809,0.0947784,0.0925381,0.0903003,0.0880106,0.0857057,0.0832944,0.0807769,0.078153,0.075388,0.0725203,0.0695498,0.0664766,0.061994,0.056482,0.0448272,0.0382932,0.0311336143,0.0255349857,0.0223056429,0.0169554,0.0122793571,0.0100430143,0.0079273714,0.0060694286,0.0040761957,0.0045424043,0.002232,0.002127,0.002457,0.001998,0.001569,0.001629,0.001974,0.001554,0.001986,0.002265,0.002259,0.002487,0.002934,0.003213
2517,Annex_I,OECD_Europe,ISL,Iceland,4.C,Incineration and Open Burning of Waste,fossil,0.0532389012,0.0526511436,0.0521432936,0.0515823496,0.0509103104,0.0501856736,0.0493036748,0.0483234764,0.0473073796,0.0462982872,0.0452498012,0.0441583592,0.0431119256,0.0420189,0.0408762808,0.039719466,0.0384758548,0.0371795484,0.0358366468,0.03444415,0.0330094448,0.030861114,0.028223084,0.0226562504,0.0195051768,0.016029404,0.013280404,0.011674904,0.009060604,0.006755034,0.005832434,0.004641974,0.003720064,0.002732694,0.002897064,0.001774004,0.002011004,0.002194004,0.002470936,0.002230936,0.001743216,0.001527216,0.0015209853,0.0013767943,0.0015685634,0.0015294127,0.001613252,0.0016880913,0.0015739307
2518,Annex_I,OECD_Europe,ISL,Iceland,4.D,Wastewater Treatment and Discharge,fossil,0.47674057,0.4846177241,0.4964150266,0.526715142,0.5120959767,0.5371956931,0.5326218485,0.519385871,0.536598948,0.542958522,0.544947851,0.551947028,0.554957697,0.558954078,0.562096631,0.570290674,0.581726381,0.591339846,0.58762967,0.583629276,0.587994868,0.585878025,0.590809252,0.588993722,0.586700634,0.565365,0.560638306,0.55963385,0.548278918,0.55748288,0.557286896,0.52459729,0.502899328,0.5038806,0.499788594,0.499444384,0.508894236,0.5208919,0.531159246,0.539174868,0.546772966,0.551802242,0.558435984,0.561615434,0.563284252,0.567452748,0.573197692,0.58040079,0.58516439
2603,Annex_I,OECD_Europe,NOR,Norway,1.A.1.a,Main Activity Electricity and Heat Production,fossil,0.011754,0.008943,0.005807,0.004746,0.001571,0.0025395,0.0032625,0.0069222,0.0040082,0.0045592,0.004453,0.0042602,0.008287,0.0279919,0.0330474,0.0488909,0.072434,0.086124,0.086828696,0.07875971,0.06974869,0.08853269,0.0758902,0.08692223,0.08456067,0.07691217,0.08159141,0.07746624,0.07960835,0.08602732185,0.07921240185,0.09395938185,0.0904810078,0.1291121996,0.1199905206,0.1062782748,0.1113903396,0.1202457765,0.1252195796,0.1499685896,0.1614589,0.1707259,0.19278019,0.2098649,0.2096531,0.2246451,0.21922489,0.2284868,0.23572368538
2604,Annex_I,OECD_Europe,NOR,Norway,1.A.1.a,Main Activity Electricity and Heat Production,bio,,,,,,,,,,,,,,0.01869,0.02322,0.0387,0.0606,0.07212,0.08001,0.07047,0.0999,0.10191,0.09735,0.10677,0.10764,0.115332,0.115488,0.107771,0.11791,0.120562,0.118454,0.144221,0.140197,0.187806,0.198189,0.195939,0.220599,0.222599,0.241964,0.240578,0.272053,0.29265,0.361399,0.386788,0.358502,0.411766,0.431501,0.447172,0.447172
2605,Annex_I,OECD_Europe,NOR,Norway,1.A.1.bc,Petroleum Refining - Manufacture of Solid Fuels and Other Energy Industries,fossil,0.005311,0.004857,0.004911,0.004896,0.011479,0.038382,0.057881967,0.076903582,0.113961967,0.105558535,0.131847712,0.12945,0.139413,0.163175,0.14944196,0.172924,0.289445,0.209478,0.244518,0.250750423,0.295656833,0.283851681,0.451053,0.508363,0.538832,0.475971,0.421839,0.544002,0.593325,0.648128,0.42543835,0.468017,0.479849,0.509124,0.528216,0.522552,0.537195,0.546362,0.546846,0.549975,0.551521,0.531511,0.540526,0.5490120000000001,0.57672,0.597466,0.588837,0.60264,0.61506338
2606,Annex_I,OECD_Europe,NOR,Norway,1.A.2,Manufacturing Industries and Construction,fossil,0.431435,0.420714,0.457839,0.499699,0.547831,0.512693,0.5415822,0.5137104,0.5412508,0.61431795,0.5787359,0.55164625,0.51686205,0.5074801,0.5679419,0.56247865,0.54862795,0.5105278,0.5143937,0.49036445,0.4377958,0.3574329,0.3383481,0.34252095,0.40111645,0.42073745,0.4407718,0.4167671,0.4431625,0.4606103,0.45637785,0.43085595,0.3703076,0.3970771,0.42065995,0.3821312,0.3428046,0.35987185,0.3703737,0.29229085,0.3999093,0.3891441,0.3909582,0.4050527,0.3959502,0.3999628,0.4119444,0.40757605,0.4049276702
2607,Annex_I,OECD_Europe,NOR,Norway,1.A.2,Manufacturing Industries and Construction,bio,0.030711,0.030711,0.030711,0.030711,0.030711,0.030711,0.250641,0.260301,0.262581,0.289971,0.261651,0.330171,0.309891,0.324291,0.358341,0.430281,0.450231,0.471111,0.449481,0.488421,0.510021,0.501396,0.4785,0.49953,0.532908,0.552672,0.523488,0.566022,0.65154,0.93738,0.74406,0.51132,0.48162,0.49095,0.47259,0.50409,0.49287,0.51813,0.52017,0.43248,0.570273,0.633552,0.45499,0.451777,0.301741,0.320554,0.28982,0.31675,0.316582
2608,Annex_I,OECD_Europe,NOR,Norway,1.A.3.a,Civil Aviation,fossil,0.0003299999,0.0002419999,0.0001539998,0.0001539998,0.001787,0.001916003,0.0021744979,0.0021314949,0.0034860029,0.0033570029,0.0035939988,0.0024109981,0.003141502,0.003012004,0.003807498,0.003442,0.003613995,0.001700501,0.001721997,0.001614002,0.001785997,0.001743,0.001785997,0.001850003,0.001957999,0.00421549401,0.004861,0.00541950001,0.00567699,0.006472505,0.006345,0.0058075,0.0051405,0.006515995,0.006452,0.005418995,0.0058705,0.0068165,0.007203495,0.007310995,0.007955995,0.0085155,0.00857949,0.0086225,0.00918149,0.00888099,0.008192495,0.00752649,0.0077603506
2609,Annex_I,OECD_Europe,NOR,Norway,1.A.3.b_noRES,Road Transportation no resuspension,bio,,,,,,,,,,,,,,,,,,,,,,,,,,,,,,,,,,,,,0.000654000134,0.003780001475,0.010191006245,0.011919003066,0.014585992265,0.014355005035,0.016422002678,0.015807002204,0.015629756144,0.18200994646,0.204773765997,0.231705152159,0.230056302326
2610,Annex_I,OECD_Europe,NOR,Norway,1.A.3.b_noRES,Road Transportation no resuspension,fossil,1.5930151,1.68287999,1.78927498,1.92026854,1.77260287,1.98107781806,2.07260717,2.2281021,2.28626044,2.39950122,2.363494,2.33187102,2.3608267,2.4167152,2.4962854,2.6549765,2.8289263,2.9168085,2.9369997,2.9294421,2.9220279,2.7482858785,2.6269757879,2.530927651,2.425594824,2.312833728,2.2378687483,2.07120644966,1.94815836015,1.71845380869,1.49260961977,1.463868455921,1.37689310676,1.28606346618,1.20743111299,1.09154192873,1.03497066888,0.9609029249,0.8676581344,0.7769369861,0.6801490438,0.6172218597,0.59473506607,0.55512373586,0.53463123161,0.531874843,0.50651518918,0.51232929914,0.51786880475
2611,Annex_I,OECD_Europe,NOR,Norway,1.A.3.c,Railways,fossil,0.00565645,0.00512525,0.0042413,0.0042413,0.0042413,0.0053037,0.0047725,0.00495095,0.00495095,0.00495095,0.00495095,0.0047725,0.0042413,0.004067,0.004067,0.00371425,0.0053037,0.00565645,0.00512525,0.0045982,0.00565645,0.00548215,0.0058349,0.0060092,0.0063661,0.00548215,0.00441975,0.0045982,0.0035358,0.0035358,0.0030046,0.0030046,0.0019339,0.0024734,0.00265185,0.0024734,0.0024734,0.0024734,0.0024734,0.00265185,0.00548215,0.0053037,0.00548215,0.00441975,0.0024734,0.0022991,0.0022991,0.0024734,0.00255025
2612,Annex_I,OECD_Europe,NOR,Norway,1.A.3.d,Water-borne Navigation,fossil,0.234318,0.227136,0.217427,0.132741,0.156282,0.225043,0.224945,0.254919,0.243544,0.294889,0.219744,0.206024,0.197134,0.201831,0.19803,0.191877,0.211421,0.220101,0.226359,0.242781,0.187292,0.163898,0.174552,0.192101,0.179648,0.188839,0.189455,0.201796,0.224812,0.257509,0.209789,0.205779,0.203454,0.222714,0.2248,0.240031,0.24597,0.249393,0.234248,0.231754,0.374736,0.384675,0.380301,0.342096,0.30985,0.290627,0.288627,0.215553,0.2221257
2613,Annex_I,OECD_Europe,NOR,Norway,1.A.3.d,Water-borne Navigation,bio,,,,,,,,,,,,,,,,,,,,,,,,,,,,,,,,,,,,,,,,,8.1e-05,0.000162,0.000162,0.00024,0.00024,0.00024,0.000723,0.000564,0.000564
2614,Annex_I,OECD_Europe,NOR,Norway,1.A.3.e,Other Transportation,fossil,,,,,,,,,,,,,,,,,,,,,,,,,,,,,,,,,,,,,,,,,0.00036,0.00024,0.00048,0.0012,0.00036,,,,
2615,Annex_I,OECD_Europe,NOR,Norway,1.A.4,Other Sectors,fossil,3.402461,2.831991999,2.1303984,1.1427422,1.251314999,1.197337,1.5533179,1.4318591,1.006598801,1.0341074,0.962624299,0.895289701,0.9164589,0.8802309,0.8563994,0.8650667,0.6926329,0.6604186,0.5599626,0.458387401,0.446657701,0.4273031,0.4087208,0.349907799,0.379075,0.359998001,0.4136892,0.36375,0.354796701,0.3561891,0.3512513,0.382398,0.4474268,0.4026856,0.3665841,0.3171647,0.3261995,0.2904634,0.2720327,0.2967088,0.2059842,0.1652068,0.165275,0.1638363,0.1396447,0.1287133,0.1577258,0.1813315,0.186648031
2616,Annex_I,OECD_Europe,NOR,Norway,1.A.4,Other Sectors,bio,,,,,,,3.1425,3.3675,3.6414,4.4892,5.0379,5.0379,5.0379,5.0379,5.2155,5.3934,5.5455,5.6343,5.5836,5.5836,6.486,5.786605,5.826355,6.558105,7.239985,6.963555,6.85557,7.140715,7.586495,7.15428,7.25122,7.48375,8.534735,8.52886,8.043945,8.593675,8.089525,7.440555,7.75551,8.212245,9.2223,8.1863,8.5504,7.0267,6.0245,6.3673,6.4108,6.4748,6.4748
2617,Annex_I,OECD_Europe,NOR,Norway,1.A.5,Non-Specified,fossil,0.63377,0.62745,0.65798,0.66957,0.51443,0.4496212,0.00035275,0.0012367,0.0010624,0.0010624,0.0007055,0.0007055,0.00088395,0.0005312,0.0005312,0.00035275,0.00035275,0.00035275,,,0.0007055,0.0007055,0.0007055,0.00035275,0.0005312,0.0005312,0.0005312,0.0005312,0.0007055,0.0005312,0.00088395,,0.00408,0.02303,0.04454,0.03946,0.03729,0.02845845,0.0183567,0.0356012,0.03641,0.02994,0.03424,0.01919,0.01278,0.02054,0.02743,0.0334,0.0344378
2618,Annex_I,OECD_Europe,NOR,Norway,1.B.1,Solid Fuels,fossil,8.113785,7.70253,8.0199,7.294215,7.72419,6.838095,9.133155,8.01477,7.144905,5.14791,5.25792,7.292415,7.78758,8.78871,7.945515,8.871195,7.700985,7.029405,4.45329,5.43039,4.85298,5.28561,5.75016,4.29267,4.82106,4.67685,3.68391,6.18279,5.25369,6.47064,10.1226,28.6385,34.1481,47.1538,46.5131,23.5609,38.361,65.2371,54.9383,42.3008,30.9932,22.1998,19.685,29.7118,26.8288,17.715,13.102,2.09817,2.09817
2619,Annex_I,OECD_Europe,NOR,Norway,1.B.2,Oil and Natural Gas,bio,,,,,,,,,,,,,,,,,,,,,,,,,,,,,,,,,,,,,,,,,,,,,,,0.1104,0.2079,0.24948
2620,Annex_I,OECD_Europe,NOR,Norway,1.B.2,Oil and Natural Gas,fossil,15.441319,15.6715863,18.2905255,17.7147853,17.5333283,33.7804721,43.8288578,51.138256,90.4213965,114.9958355,139.3466388,137.7665052,135.8198364,150.0571182,164.0349849,170.1792791,177.5541448,203.5081098,221.8826312,260.6470144,272.2538249,301.0112341,336.7797103,354.8643121,393.1138291,425.7490642,489.614233,507.2930813,492.8830782,505.8288629,548.011221,557.3605111,593.7108902,620.200794,615.369604,612.328929,598.932113,598.011882,625.7963919,626.777357,602.815215,584.981056,607.570956,588.896412,598.27766,629.648135,634.26274,658.129351,668.3712329
2621,Annex_I,OECD_Europe,NOR,Norway,2.B,Chemical Industry,fossil,0.131489,0.138363,0.136574,0.134851,0.127521,0.103684,0.119101,0.0904268,0.115545,0.1219,1.4566,1.4566,1.52609,1.50571,1.2736,1.23339,1.24132,1.20159,1.11368,1.15538,0.0792,0.0825,0.0858,0.0825,0.0891,0.0924,0.099,0.959682,1.66582,1.876325,1.78946,2.11853,2.00099,2.2377,2.38647,2.1099,1.93274,2.11487,4.150543,1.79063,1.99561,2.15463,2.03109,1.8670789,1.9694463,2.2030722,1.8214924,2.2424836,2.089016
2622,Annex_I,OECD_Europe,NOR,Norway,2.C,Metal Industry,fossil,4.7479148,4.3137077,4.5824948,4.6081469,4.1298831,3.7391267,3.450872,2.9558608,2.7959206,3.1248619,2.623771,2.407721,1.206689,0.8502729,1.4265525,1.2830215,1.0130298,0.9593486,1.1303207,1.1085685,1.00727,1.03044,1.0536,1.10565,1.22206,1.2507,1.2177,1.27967,1.34165,1.30318,1.309,1.232,1.144,1.034,0.9845,0.8415,0.7513,0.88,1.0021,0.8932,1.0406,0.9174,0.9317,1.0527,1.05523,1.06579,1.0549,1.19053,1.12948
2623,Annex_I,OECD_Europe,NOR,Norway,3.A.1,Enteric Fermentation,fossil,80.092275,79.402324,80.166124,81.232874,80.569961,78.909857,80.17572,82.172055,83.516236,84.910762,86.9708,89.4485,90.05355,88.8912,88.6514,87.9068,87.5229,86.41195,85.78275,86.468774,87.31415,88.50829,89.38646,88.566565,90.512446,91.293454,92.196288,91.443386,90.408378,91.309272,86.551379,86.702439,85.854129,87.001203,86.294857,84.128957,82.929547,81.438603,79.859461,79.514245,79.846711,79.165392,78.867595,78.210266,77.792627,79.916645,81.483668,81.52185,81.191366
2624,Annex_I,OECD_Europe,NOR,Norway,3.A.2,Manure Management,fossil,17.64168462,17.68224555,18.0860807,18.44810111,18.16662565,17.08146369,17.27411532,17.39357597,17.37331446,17.3302152,17.27335873,17.7153386,17.77352091,17.72292891,18.06709483,17.62208598,17.67997788,17.51964105,17.02745146,16.48749182,16.76542405,16.98780285,17.2772581,17.03184225,17.04713459,17.21581166,17.64754039,17.68138314,17.7752609,17.08022929,18.28592358,16.25807959,17.78319103,18.03207249,18.05530578,18.14961823,18.68042813,19.06777611,18.99020741,18.92939049,18.49278777,18.35888065,19.18806419,19.52901874,19.52765553,19.04311863,18.94807767,19.52659883,19.30423648
2625,Annex_I,OECD_Europe,NOR,Norway,3.C.1,Emissions from biomass burning,bio,0.101478239,0.105179547,0.10016402,0.110857912,0.13259164,0.099961822,0.10875328,0.13151418,0.135691189,0.1323099,0.137279527,0.134371473,0.143142323,0.132378703,0.168740875,0.159700263,0.141477732,0.163187564,0.137360306,0.147495443,0.189341283,0.183797991,0.136731302,0.18192377,0.14223221,0.09754337,0.102142924,0.098632047,0.10522214,0.092909425,0.10105017,0.094188195,0.089994649,0.101831468,0.113348917,0.104525717,0.09572817,0.099362054,0.111687984,0.085567284,0.095906369,0.083454924,0.085927862,0.07630765,0.099134657,0.110305306,0.100699673,0.103686288,0.056550772
2626,Annex_I,OECD_Europe,NOR,Norway,4.A,Solid Waste Disposal,fossil,75.2628,75.7743,76.287,76.7998,77.3126,77.8254,78.1277,78.4316,78.734,79.0364,79.3402,79.601,79.8605,80.1213,80.3807,80.6415,81.0073,81.3732,81.739,82.105,82.47429686,81.9260355,80.3314708,79.8223728,79.4630123,77.6274233,75.949606,74.057512,68.890521,63.447775,65.733033,63.578359,60.654985,59.794035,59.299351,55.793033,56.515477,55.412352,53.048912,53.333275,51.86019,51.162946,49.397317,47.979091,46.821815,43.972598,41.620953,39.104681,39.104681
2627,Annex_I,OECD_Europe,NOR,Norway,4.B,Biological Treatment of Solid Waste,fossil,0.116798,0.116798,0.116798,0.116798,0.116798,0.116798,0.116798,0.116798,0.116798,0.116798,0.116798,0.116798,0.116798,0.116798,0.116798,0.116798,0.116798,0.116798,0.116798,0.116798,0.116798,0.117197,0.117663,0.168021,0.218451,0.268934,0.312328,0.398382,0.489292,0.76036,0.986428,1.21934,1.1943,1.16272,1.43262,1.33998,1.33289,1.7008,1.63717,1.47601,1.49478,1.23881,2.27941,2.36054,1.4888,1.48956,1.53971,1.58986,1.64001
2628,Annex_I,OECD_Europe,NOR,Norway,4.C,Incineration and Open Burning of Waste,bio,0.004745,0.00467891,0.00460929,0.00453611,0.00451731,0.00443529,0.00434971,0.004208,0.00411711,0.00402269,0.00392471,0.00377769,0.0036744,0.0035256,0.003417,0.00326643,0.00315251,0.00300017,0.00288094,0.00272683,0.00260229,0.0068944,0.0106717,0.0118617,0.0119174,0.01493499,0.0156089,0.01780679,0.0227458,0.02638489,0.01969471,0.01511847,0.010791943,0.00736071,0.005596886,0.003435,0.003852,0.003474,0.004086,0.004206,0.003381,0.002943,0.002517,0.002211,0.001827,0.003243,0.003243,0.003516,0.003033
2629,Annex_I,OECD_Europe,NOR,Norway,4.C,Incineration and Open Burning of Waste,fossil,3.784116,3.724999,3.666322,3.608045,3.550168,3.492568,3.487451,3.482174,3.476854,3.471457,3.46606,3.40866,3.31338,3.23558,3.208903,3.190823,3.193906,3.159466,3.137826,3.099909,3.213069,2.774549,2.884789,2.722842,2.890057,2.680064,2.680052,2.680061,2.680067,2.680043,2.679992,2.679992,2.679962,2.679962,2.679962,2.679962,4.8712,4.8712,5.7908,5.7908,7.052,7.052,5.42848,5.42848,5.4722,5.4722,5.15624,4.84028,4.52432
2630,Annex_I,OECD_Europe,NOR,Norway,4.D,Wastewater Treatment and Discharge,fossil,54.19549662,49.42009314,48.13912278,48.72679977,48.84133252,39.19491866,41.07505932,36.5458892,32.6525179,35.9997404,38.8683975,40.6315116,39.2396879,40.4578876,45.1938973,46.597557,45.0060379,44.6515735,45.1721985,48.8108166,47.1231226,44.987061,42.8497813,45.3984428,52.1130721,57.0963552,52.2969794,52.8796798,54.1751363,52.3544278,52.9620147,50.74256272,48.63794983,49.86567869,52.19406053,50.333392,49.97664962,48.8308246,48.1233219,38.8366573,42.8166291,37.8670771,31.2114399,27.9553697,32.5838376,32.5546372,34.1151328,31.8838071,31.9665174
2662,Annex_I,OECD_Europe,SWE,Sweden,1.A.1.a,Main Activity Electricity and Heat Production,fossil,0.2108403422,0.152578474,0.1669666254,0.1485071621,0.1849331327,0.1044054037,0.1597534454,0.1646524807,0.1783043164,0.2078255211,0.3050262027,0.2436691894,0.2467282173,0.2348559286,0.29141705544,0.35318572,0.36410885806,0.374313889678,0.340888978398,0.31621655262,0.36644835771,0.40318197145,0.4160475105,0.43484929383,0.441803765733,0.45942154363,0.5321195206,0.481949213692,0.522572437622,0.490818051372,0.50821411226,0.53272111343,0.57770736124,0.67640276181,0.644422605301,0.713311660237,0.758396583383,0.601779637017,0.63664603538,0.692873842053,0.817431871369,0.746374980616,0.754629941382,0.800728667286,0.797599336957,0.833647746198,1.048558641057,1.079777473287,1.1540223453408
2663,Annex_I,OECD_Europe,SWE,Sweden,1.A.1.a,Main Activity Electricity and Heat Production,bio,0.07536,0.07536,0.07536,0.11052,0.11304,0.04779,0.0640501,0.08793,0.09294,0.07284,0.23886009,0.30744002,0.3887999,0.52965022,0.67653018,0.72104996,0.80004044,0.89597873,0.89193006,0.8567995,0.83085028,0.98295037,1.50948749,1.79012218,2.13571286,2.35309757,2.72948787,2.65349931,2.64032455,3.03679077,3.29018329,3.63142228,3.61369212,4.07257767,4.23384928,4.6056158404,4.74997281,4.98887583,5.16242754,5.37666671,6.35082387,5.019740931,6.0960920404,5.99498559,5.780251479,5.8677573901,6.1324647603,6.4484715499,6.4484715499
2664,Annex_I,OECD_Europe,SWE,Sweden,1.A.1.bc,Petroleum Refining - Manufacture of Solid Fuels and Other Energy Industries,fossil,0.01558481,0.01598926,0.01664055,0.00822672,0.00937194,0.018251932,0.0288810936,0.0307020936,0.030430705,0.0258698,0.0309434,0.0270675836,0.0303867,0.02629133,0.021501809,0.0238235,0.0274121,0.030103632,0.0265497856,0.0300205,0.0357012,0.0343927,0.0463103,0.045863205,0.0441054,0.0444855,0.0425634,0.0405717,0.0419855225,0.0482452,0.0467393,0.0419762,0.0323888,0.033141552,0.04085891,0.03823934,0.04019849,0.03663245,0.04307144,0.044566917,0.04039274,0.038830447,0.043914028,0.036743747,0.050656328,0.0507837,0.0496617,0.04874553,0.049928328
2665,Annex_I,OECD_Europe,SWE,Sweden,1.A.1.bc,Petroleum Refining - Manufacture of Solid Fuels and Other Energy Industries,bio,,,,,,,,,,,,,,,,,,,,,,,,,,,,,,,,,,,,,,,,,,0.000404,0.000414,0.000677,0.000696,0.000713,0.000662,0.000756,0.0008244
2666,Annex_I,OECD_Europe,SWE,Sweden,1.A.2,Manufacturing Industries and Construction,fossil,0.95306295,0.8497899,0.8507479,0.9807159,0.88899265,0.9298843,0.8873394,0.8461676,0.83610505,0.82789005,0.7828171,0.68584915,0.62152015,0.5923364,0.5976304,0.62005715,0.58772835,0.57210815,0.55765595,0.52344995,0.5761114,0.5040594,0.5903004,0.63564215,0.63617915,0.6690691,0.67861535,0.60376935,0.58977385,0.58342735,0.59812215,0.5098981,0.57834285,0.56532865,0.5820204,0.5055656,0.4465181,0.46240205,0.40542505,0.27947405,0.41571355,0.4195993,0.35222985,0.3438161,0.3093081,0.3304548,0.3089415,0.3066839,0.3044655852
2667,Annex_I,OECD_Europe,SWE,Sweden,1.A.2,Manufacturing Industries and Construction,bio,3.539025,3.488775,3.488775,3.999975,4.150695,4.242405,4.094205,3.819105,4.102995,4.267515,4.107015,4.018815,3.797775,4.379325,4.600395,4.683285,4.689555,4.790055,4.983465,4.973415,4.919415,5.100828,4.842816,5.01261,5.02101,5.577555,5.662941,5.997585,5.98704,5.225799,5.867067,4.842387,4.825863,4.759587,4.669374,4.846389,5.348121,5.56107,5.260149,5.453151,5.793345,5.583331,5.526422,5.712941,5.622958,5.86869,5.8605,5.727818,5.72654
2668,Annex_I,OECD_Europe,SWE,Sweden,1.A.3.a,Civil Aviation,fossil,0.008790993,0.008984498,0.008812504,0.009389492,0.008507504,0.0084204905,0.0083344865,0.0086324925,0.0086729994,0.0078124911,0.0079605079,0.0081974921,0.0084764879,0.0080029841,0.0084969879,0.0080454949,0.0094645049,0.0093779961,0.0101084978,0.0111409951,0.008408494,0.0085814929,0.0091619969,0.00572199484,0.0056359949,0.0055069949,0.0052704949,0.005484995,0.005334,0.005441995,0.0049905,0.005054495,0.004194492,0.004065494,0.004645995,0.00460299,0.004388,0.0060215,0.004409,0.003032995,0.003226493,0.003592001,0.003505501,0.0021295,0.001914502,0.002774496,0.00372000101,0.00382750301,0.00347600466
2669,Annex_I,OECD_Europe,SWE,Sweden,1.A.3.b_noRES,Road Transportation no resuspension,fossil,4.750190713,4.8454744176,5.0311786935,5.3391638734,5.058728873,5.5839232536,5.9150919542,6.1517980458,6.328265784,6.2848721899,6.073360596665,5.94563662841,5.9612688608,6.08162402119,6.29454234988,6.35108021818,6.65247248815,6.86526383147,7.12080435275,7.33428419546,6.91080369971,6.898292835747,7.008324104506,6.60487518291,6.60153285775,6.603475453957,6.197241089065,5.72682186052,5.130898804299,4.56992602148,3.79750863335,3.5282052388,3.36981346738,3.13717471122,2.8629363081,2.61156836336,2.46093120133,2.3019321809,2.04173409522,1.87076434867,1.699279124404,1.5719422210012,1.4372393904433,1.3484678428646,1.3525949075611,1.06468677186778,1.03278265996222,0.9201579842374,0.82192778242073
2670,Annex_I,OECD_Europe,SWE,Sweden,1.A.3.b_noRES,Road Transportation no resuspension,bio,,,,,,,,,,,,,,,,,,,,,,,,,,,,,,,,0.001872000058,0.004049995468,0.00835499866,0.01590299655,0.01915500212,0.02723097292,0.03705896768,0.36683900111,0.41052119096,0.4131960683784,1.1343003291527,1.2658259873698,1.37254086206258,1.54490962972048,1.79047729096147,1.84909299985247,2.09088385284698,2.08719439521927
2671,Annex_I,OECD_Europe,SWE,Sweden,1.A.3.c,Railways,fossil,0.018815,0.0160511,0.0156911,0.0157119,0.0165751,0.0161477,0.0145333,0.0142013,0.0149068,0.0092628,0.00484305,0.0064325,0.0073372,0.01130875,0.0183638,0.020306,0.0145209,0.01071945,0.0102007,0.00952425,0.00689315,0.0065404,0.0063661,0.00635365,0.0067064,0.00689315,0.00689315,0.00618765,0.0028303,0.00141515,0.0042413,0.0042413,0.0047725,0.00441975,0.00371425,0.0007055,0.0005312,0.0007055,0.0007055,0.0005312,0.00017845,0.00017845,0.00035275,0.00017845,0.00035275,0.00035275,0.00035275,0.00035275,0.000320356
2672,Annex_I,OECD_Europe,SWE,Sweden,1.A.3.d,Water-borne Navigation,fossil,0.06216,0.050232,0.049392,0.039606,0.026726,0.029232,0.029176,0.026845,0.024458,0.032718,0.032277,0.030863,0.031108,0.039151,0.052045,0.058317,0.058954,0.062013,0.063616,0.046039,0.042168,0.030142,0.028462,0.020419,0.018739,0.030324,0.023079,0.029274,0.038094,0.040796,0.045514,0.045437,0.043036,0.050652,0.043176,0.041594,0.035973,0.032263,0.022869,0.036638,0.054838,0.034139,0.019439,0.020055,0.022407,0.019299,0.014238,0.011557,0.01049571
2673,Annex_I,OECD_Europe,SWE,Sweden,1.A.3.e,Other Transportation,fossil,,,,,,,,,,,,,,,0.005751,0.005496,0.006519,0.004218,0.003579,0.003834,0.003705,0.003834,0.003834,,,,,,,,,,,,,,,,,,,,,,,,,,
2674,Annex_I,OECD_Europe,SWE,Sweden,1.A.4,Other Sectors,fossil,3.5796521,3.3027157,2.325896399,1.8937692,1.4933134,1.6796003,1.5611864,1.4362167,1.0104317901,1.0556076,1.0958247901,0.9845842099,0.8478512,0.8041060901,0.7604178099,0.8442423,1.5744953901,1.5171295099,1.4485307,1.3172112,1.3006964,1.0218972,0.7962382,0.7311148,0.7024818,0.7778218,0.8139713,0.7511035,0.728657,0.7294164,0.5557655,0.5655332,0.5605027,0.5796126,0.4553434,0.3673047,0.2475978,0.252011,0.2266916,0.3035683,0.3436496,0.2974243,0.213133,0.1773876,0.2000919,0.1529369,0.1909232,0.1743535,0.161906299
2675,Annex_I,OECD_Europe,SWE,Sweden,1.A.4,Other Sectors,bio,3.5169,3.768,3.768,6.5313,4.9362,5.0112,5.7399,6.5691,7.7967,9.2316,10.5006,12.4977,12.1209,11.3043,12.8241,14.859,14.1933,13.0377,12.372,11.9073,12.0831,12.0705,11.9952,12.1836,11.6307,11.8704,12.5352,12.2964,12.2463,10.5996,11.9937,11.1753,10.9419,11.175,11.6865,12.846,11.8851,12.0201,12.3236,12.325185,12.325185,17.07534,18.35347305,13.85670405,13.61684,13.717936,13.940407,14.029578,14.030421
2676,Annex_I,OECD_Europe,SWE,Sweden,1.A.5,Non-Specified,fossil,1.39744,1.09792,0.88657,0.78699,0.656,0.70255,0.89627,0.93032,0.43272,0.44387,0.46949,0.52016,0.45936,0.26064,0.09734,0.03776,,,,,,,,0.002,0.0008,0.0041,0.00043,0.0021,0.00296,0.00203,0.01861,0.01022,0.02077,0.01776,0.01233,0.00809,0.00724,0.00639,0.00298,0.00383,0.00341,,,,,,,,
2677,Annex_I,OECD_Europe,SWE,Sweden,1.B.1,Solid Fuels,fossil,0.66906,0.62991,0.67662,0.83797,0.754815,2.18594,1.51711,1.18628,1.28951,1.55173,1.62511,1.49146,1.58402,1.55873,1.64585,1.60927,1.56704,1.54985,1.25666,1.24213,1.44529,1.6012,1.70783,1.43528,1.44032,1.45044,1.4517,1.4643,1.44918,1.44684,1.4481,1.45062,1.35711,1.62752,1.73367,1.78295,1.50116,1.50876,1.48599,1.24718,1.51254,1.54539,1.40891,1.36341,1.40638,1.4999,1.47969,1.45944,1.46609
2678,Annex_I,OECD_Europe,SWE,Sweden,1.B.2,Oil and Natural Gas,fossil,3.8856496,3.8788347,3.8246429,3.7355054,3.6691442,3.7222813,3.72335242,3.62785081,3.51698101,3.27542091,3.1825499,2.7438344,2.4647326,2.4345744,2.5709863,2.9817261,3.5668653,4.18965037,4.84676257,5.60349906,6.26757376,6.81160216,7.39088982,7.8075148,8.10431488,8.20469124,7.9132127,8.3704177,8.746488,9.1708319,9.4891276,8.7257255,9.0879981,9.4044167,9.8402207,10.1973882,10.6106183,10.9960579,11.6575682,12.0242325,12.4258066,12.8407908,13.3609257,13.2522226,13.3189896,13.3363994,13.369519,13.3061092,13.29519179
2679,Annex_I,OECD_Europe,SWE,Sweden,1.B.2,Oil and Natural Gas,bio,,,,,,,,,,,,,,,,,,,,,,,,,,,,,,,,0.03055,0.06835,0.14015,0.2637,0.0753,0.0856,0.1027,0.27735,0.38275,0.43405,0.4019,0.4769,0.47635,0.4767,0.458,0.4332,0.3885,0.37082
2680,Annex_I,OECD_Europe,SWE,Sweden,2.B,Chemical Industry,fossil,0.10463266,0.11073876,0.13673744,0.15366326,0.16406662,0.1252509,0.15524574,0.12996814,0.14110382,0.16600972,0.12676946,0.12029894,0.09822118,0.15581916,0.16968516,0.13849942,0.18018536,0.18377904,0.20135662,0.1903575,0.21100216,0.20312556,0.214666,0.20397852,0.22241128,0.23147434,0.225067942,0.25490444,0.24945996,0.19776828,0.25483728,0.3119828,0.32614172,0.33060524,0.33342752,0.3368546,0.34008026,0.34336676,0.34636148,0.34620014,0.34612331,0.34598069,0.34551686,0.34518686,0.34518686,0.34533203,0.34558426,0.34536772,0.345428
2681,Annex_I,OECD_Europe,SWE,Sweden,2.C,Metal Industry,fossil,0.893982,0.807839,0.818371,0.963291,0.980319,0.672713,0.69325,0.656451,0.580154,0.710303,0.59303,0.546586,0.364719,0.2400558,0.358798,0.383457,0.37348,0.329799,0.375591,0.370811,0.376854,0.372083,0.360176,0.368457,0.392771,0.384343,0.398996,0.387957,0.383251,0.374853,0.397875,0.399678,0.422967,0.420002,0.44871,0.425674,0.405361,0.404843,0.369628,0.2637775,0.261744,0.312802,0.2422252,0.258943,0.288831,0.308088,0.300351,0.320262,0.3124303
2682,Annex_I,OECD_Europe,SWE,Sweden,3.A.1,Enteric Fermentation,fossil,129.05181,123.867152,124.550562,127.29613,128.6001,127.41352,127.46138,128.02652,129.50818,131.61756,133.88403,133.84929,135.14018,133.56435,132.72398,128.92957,122.04381,118.08857,118.91624,122.17014,124.51037,121.92967,125.61387,130.00163,132.48721,129.29326,129.9645,129.64431,127.33726,126.22668,124.81993,123.25864,121.80468,120.52064,122.03083,119.625,119.71974,116.92687,118.28147,117.32411,117.68093,116.73268,116.13574,115.51367,115.56278,111.60636,111.34254,112.18893,108.75427
2683,Annex_I,OECD_Europe,SWE,Sweden,3.A.2,Manure Management,fossil,39.3855141,40.4632374,40.9747833,41.1231165,41.2783744,41.1948602,40.9030464,41.5144237,41.979298,42.4514822,42.9259415,42.8932457,43.0490228,42.5178473,42.3477844,40.7313877,38.4778253,36.2858563,36.4515065,36.6716741,37.0037841,35.0311578,35.7384266,35.7206955,36.083932,35.2179953,35.282162,35.1739324,34.1741429,33.0434433,31.1578375,30.6942499,30.1600935,29.8285945,29.6394936,29.337198,28.1585635,27.908022,27.5159272,26.747472,26.732979,26.498236,25.719489,25.942948,25.692955,25.928366,26.148288,25.462714,25.7336258
2684,Annex_I,OECD_Europe,SWE,Sweden,3.C.1,Emissions from biomass burning,bio,0.657053957,0.699648346,0.688425506,0.664731165,0.862211461,0.718500469,0.773265559,0.756168368,0.766157517,0.693875103,0.715074312,0.740519855,0.793003538,0.7532278608,0.900713785,0.750650397,0.801460007,0.709259917,0.662891557,0.770067954,0.888439423,0.684451804,0.55823806,0.708887532,0.609220074,0.3926904907,0.47469004,0.4843121476,0.4765385209,0.4170850549,0.481052354,0.470888356,0.458660591,0.454963305,0.46928963,0.43137268,0.36420182,0.42553202,0.43377603,0.44523936,0.384171,0.42060549,0.44047888,0.42057503,0.51005758,0.53479731,0.48989753,0.53794372,0.31018197
2685,Annex_I,OECD_Europe,SWE,Sweden,4.A,Solid Waste Disposal,fossil,128.681,129.136,129.591,130.046,130.501,130.956,131.337,131.717,132.097,132.477,132.857,132.989,133.121,133.253,133.385,133.517,134.188,134.8722917,135.5592326,136.274612,148.528677,143.546405,138.283651,140.235457,138.425737,131.539014,122.576503,147.048271,118.908685,129.262686,119.445744,125.747066,132.71795,133.832534,141.015935,36.794299,88.807312,77.42418,73.421001,75.222891,57.474677,52.716221,50.548489,46.020653,39.077232,35.127358,32.935186,33.180122,33.924797
2686,Annex_I,OECD_Europe,SWE,Sweden,4.B,Biological Treatment of Solid Waste,fossil,0.09933,0.09933,0.09933,0.09933,0.09933,0.09933,0.09933,0.09933,0.09933,0.09933,0.09933,0.09933,0.09933,0.09933,0.09933,0.09933,0.09933,0.09933,0.09933,0.09933,0.09933,0.148344,0.197358,0.246372,0.295386,0.3444,0.336,0.329,0.3605,0.392,0.406,0.414068,0.422136,0.410464,0.383533,0.64376,0.633348,0.721404,0.79618,0.8827,0.792692,0.96614,0.782364,0.739856,0.655088,0.585676,0.666592,0.630508,0.492456
2687,Annex_I,OECD_Europe,SWE,Sweden,4.C,Incineration and Open Burning of Waste,fossil,8.99225,8.819528,8.647994,8.477254,8.307714,8.139374,8.152607,8.165843,8.178279,8.190309,8.201136,8.029945,7.859548,7.689954,7.52196,7.356381,7.331208,7.307247,7.284492,7.262143,7.2406,6.7045,6.5097,6.26862,6.080492,6.509013,6.506598,6.507759,6.507852,6.5079,6.507594,6.508536,6.509025,6.535869,6.538083,6.536877,10.652513,10.657919,8.297313,8.302263,10.157865,10.159962,10.834262,10.832822,10.318575,10.319094,10.349225,10.382197,10.415319
2688,Annex_I,OECD_Europe,SWE,Sweden,4.C,Incineration and Open Burning of Waste,bio,,,,,,,,,,,,,,,,,,,,,,,,,,0.00992214,0.00920623,0.00851703,0.0076846,0.0069642,0.006059,0.00518406,0.00435669,0.00345463,0.00247637,0.001602,0.001578,0.001605,0.001629,0.001644,0.00165,0.001671,0.001692,0.00171,0.001686,0.001749,0.001734,0.001767,0.001788
2689,Annex_I,OECD_Europe,SWE,Sweden,4.D,Wastewater Treatment and Discharge,fossil,174.3397594,166.2822401,175.2788613,196.1555669,200.4665432,174.4806789,175.1274611,160.3240538,171.8586134,182.3128282,179.8235093,176.3465546,160.9982636,178.9982121,191.2013252,188.6598255,193.6676736,204.49588999,211.11561595,211.79050274,204.378241,200.79164,197.4578272,204.686387,209.584063,210.3848387,203.7539478,216.1558432,217.4835223,219.0843034,234.3918575,226.52251342,233.60527292,241.17451138,248.9890163,246.032445,251.1410034,257.3454471,247.478394,236.9913613,244.9562099,244.2030561,243.9624857,236.3633027,231.7348994,233.5158041,237.8879291,245.6318167,241.8090819
